Studentennummer, Minor1, Minor2, Minor3, Minor4, Minor5, Minor6, Minor7
"2556,Minor 3D,Minor 3D,Minor 3D,Minor 3D,Minor 3D,Minor 3D,Minor 3D,"
"2441,Minor 3D,Minor 3D,Minor 3D,Minor 3D,Minor 3D,Minor 3D,Minor 3D,"
"2479,Minor 3D,Minor 3D,Minor 3D,Minor 3D,Minor 3D,Minor 3D,,"
"2891,Minor 3D,Minor 3D,Minor 3D,Minor 3D,Minor 3D,Minor 3D,,"
"1648,Minor 3D,Minor 3D,Minor 3D,Minor 3D,Minor 3D,,,"
"2732,Minor 3D,Minor 3D,Minor 3D,Minor 3D,Minor 3D,,,"
"2770,Minor 3D,Minor 3D,Minor 3D,Minor 3D,Minor 3D,,,"
"2748,Minor 3D,Minor 3D,Minor 3D,Minor 3D,Minor 3D,,,"
"2966,Minor 3D,Minor 3D,Minor 3D,Minor 3D,Minor 3D,,,"
"2964,Minor 3D,Minor 3D,Minor 3D,Minor 3D,Minor 3D,,,"
"1484,Minor 3D,Minor 3D,Minor 3D,Minor 3D,,,,"
"2409,Minor 3D,Minor 3D,Minor 3D,Minor 3D,,,,"
"3138,Minor 3D,Minor 3D,Minor 3D,Minor 3D,,,,"
"3246,Minor 3D,Minor 3D,Minor 3D,Minor 3D,,,,"
"3185,Minor 3D,Minor 3D,Minor 3D,Minor 3D,,,ï¿½,"
"3116,Minor 3D,Minor 3D,Minor 3D,Minor 3D,,,,"
"2734,Minor 3D,Minor 3D,Minor 3D,Minor Game Design,,,,"
"2978,Minor 3D,Minor 3D,Minor 3D,Minor Game Design,,,,"
"3170,Minor 3D,Minor 3D,Minor 3D,Minor Game Design,,,,"
"2862,Minor 3D,Minor 3D,Minor 3D,Minor Multimediaal Reclamebureau,Minor Game Design,Minor 3D,,"
"906,Minor 3D,Minor 3D,Minor 3D,Minor The Next Web,Minor The Next Web,,,"
"1147,Minor 3D,Minor 3D,Minor 3D,,,,,"
"2751,Minor 3D,Minor 3D,Minor 3D,,,,,"
"1734,Minor 3D,Minor 3D,Minor 3D,,,,,"
"2560,Minor 3D,Minor 3D,Minor 3D,,,,,"
"2741,Minor 3D,Minor 3D,Minor 3D,,,,,"
"2859,Minor 3D,Minor 3D,Minor 3D,,,,,"
"3267,Minor 3D,Minor 3D,Minor 3D,,,,,"
"3247,Minor 3D,Minor 3D,Minor 3D,,,,,"
"3200,Minor 3D,Minor 3D,Minor 3D,,,,,"
"3099,Minor 3D,Minor 3D,Minor Art \'n\' Sound,,,,,"
"3303,Minor 3D,Minor 3D,Minor Concepting,Minor Concepting,,,,"
"2707,Minor 3D,Minor 3D,Minor Crossmedia,Minor Crossmedia,Minor Multimediaal Reclamebureau,Minor Multimediaal Reclamebureau,,"
"1317,Minor 3D,Minor 3D,Minor Crossmedia,Minor Crossmedia,,,,"
"1612,Minor 3D,Minor 3D,Minor Game Design,Minor Game Design,Minor Game Design,,,"
"898,Minor 3D,Minor 3D,Minor Game Design,Minor Game Design,,,,"
"850,Minor 3D,Minor 3D,Minor Multimediaal Reclamebureau,Minor 3D,Minor 3D,,,"
"932,Minor 3D,Minor 3D,Minor The Next Web,Minor The Next Web,,,,"
"1019,Minor 3D,Minor 3D,,,,,,"
"1496,Minor 3D,Minor 3D,,,,,,"
"3500,Minor 3D,Minor 3D,,,,,,"
"3356,Minor 3D,Minor 3D,,,,,,"
"3400,Minor 3D,Minor 3D,,,,,,"
"3468,Minor 3D,Minor 3D,,,,,,"
"3540,Minor 3D,Minor 3D,,,,,,"
"3364,Minor 3D,Minor 3D,,,,,,"
"3459,Minor 3D,Minor 3D,,,,,,"
"3569,Minor 3D,Minor 3D,,,,,,"
"3607,Minor 3D,Minor 3D,,,,,,"
"3622,Minor 3D,Minor 3D,,,,,,"
"3586,Minor 3D,Minor 3D,,,,,,"
"1240,Minor 3D,Minor Art\'n\'sound,,,,,,"
"2511,Minor 3D,Minor Concepting,Minor Concepting,Minor Ondernemen,Minor Multimediaal Reclamebureau,Minor Concepting,,"
"3187,Minor 3D,Minor Concepting,Minor Concepting,Minor Transmedia Storytelling,Minor Concepting,,,"
"2545,Minor 3D,Minor Concepting,Minor Crossmedia,Minor Crossmedia,,,,"
"2979,Minor 3D,Minor Crossmedia,Minor 3D,,,,,"
"1459,Minor 3D,Minor Crossmedia,Minor Concepting,,,,,"
"1354,Minor 3D,Minor Crossmedia,Minor Crossmedia,Minor Crossmedia,Minor Crossmedia,,,"
"2415,Minor 3D,Minor Crossmedia,Minor Crossmedia,Minor Crossmedia,Minor Crossmedia,,,"
"2711,Minor 3D,Minor Crossmedia,Minor Crossmedia,Minor Multimediaal Reclamebureau,,,,"
"2601,Minor 3D,Minor Crossmedia,Minor Game Design,Minor 3D,Minor 3D,,,"
"914,Minor 3D,Minor Crossmedia,Minor Multimediaal Reclamebureau,Minor The Next Web,,,,"
"960,Minor 3D,Minor Game Design,Minor 3D,,,,,"
"1568,Minor 3D,Minor Game Design,Minor Game Design,Minor Game Design,Minor Game Design,Minor Game Design,Minor 3D,"
"1205,Minor 3D,Minor Game Design,Minor Game Design,Minor Game Design,,,,"
"2804,Minor 3D,Minor Game Design,Minor Game Design,Minor Game Design,,,,"
"1345,Minor 3D,Minor Game Design,Minor Game Design,,,,,"
"895,Minor 3D,Minor Gamedesign,Minor Game Design,Minor Game Design,,,,"
"2474,Minor 3D,Minor Multimediaal Reclamebureau,Minor 3D,Minor 3D,,,,"
"2857,Minor 3D,Minor Multimediaal Reclamebureau,Minor Crossmedia,Minor The Next Web,Minor The Next Web,,,"
"1754,Minor 3D,Minor Multimediaal Reclamebureau,Minor Multimediaal Reclamebureau,Minor Multimediaal Reclamebureau,Minor Multimediaal Reclamebureau,,,"
"1131,Minor 3D,Minor Multimediaal Reclamebureau,Minor Multimediaal Reclamebureau,Minor Ondernemen,,,,"
"3487,Minor 3D,Minor Multimediaal Reclamebureau,Minor The Next Web,,,,,"
"3420,Minor 3D,Minor Multimediaal Reclamebureau,,,,,,"
"3451,Minor 3D,Minor Multimediaal Reclamebureau,,,,,,"
"3425,Minor 3D,Minor Multimediaal Reclamebureau,,,,,,"
"1778,Minor 3D,Minor The Next Web,Minor Multimediaal Reclamebureau,Minor Multimediaal Reclamebureau,,,,"
"1575,Minor 3D,Minor The Next Web,Minor The Next Web,Minor The Next Web,,,,"
"3606,Minor 3D,Minor The Next Web,,,,,,"
"3543,Minor 3D,,,,,,,"
"3439,Minor 3D,,,,,,,"
"3491,Minor 3D,,,,,,,"
"3798,Minor 3D,,,,,,,"
"2858,Minor Art \'n\' Sound,Minor 3D,Minor 3D,,,,,"
"2808,Minor Art \'n\' Sound,Minor Art \'n\' Sound,Minor Concepting,,,,,"
"1626,Minor Art \'n\' Sound,Minor Art \'n\' Sound,,,,,,"
"3181,Minor Art \'n\' Sound,Minor Art \'n\' Sound,,,,,,"
"3204,Minor Art \'n\' Sound,Minor Art \'n\' Sound,,,,,,"
"3601,Minor Art \'n\' Sound,Minor Art \'n\' Sound,,,,,,"
"3578,Minor Art \'n\' Sound,Minor Art \'n\' Sound,,,,,,"
"3453,Minor Art \'n\' Sound,Minor Art \'n\' Sound,,,,,,"
"3532,Minor Art \'n\' Sound,Minor Art \'n\' Sound,,,,,,"
"2854,Minor Art \'n\' Sound,Minor Concepting,,,,,,"
"2973,Minor Art \'n\' Sound,Minor Concepting,,,,,,"
"3256,Minor Art \'n\' Sound,Minor Concepting,,,,,,"
"3442,Minor Art \'n\' Sound,Minor Concepting,,,,,,"
"3387,Minor Art \'n\' Sound,Minor Concepting,,,,,,"
"3255,Minor Art \'n\' Sound,Minor Multimediaal Reclamebureau,,,,,,"
"3169,Minor Art \'n\' Sound,Minor The Next Web,Minor Art \'n\' Sound,,,,,"
"3542,Minor Art \'n\' Sound,Minor Transmedia Storytelling,,,,,,"
"1667,Minor Art \'n\' Sound,,,,,,,"
"3506,Minor Art \'n\' Sound,,,,,,,"
"3432,Minor Art \'n\' Sound,,,,,,,"
"3498,Minor Art \'n\' Sound,,,,,,,"
"3438,Minor Art \'n\' Sound,,,,,,,"
"2937,Minor Art & Sound,Minor Multimediaal Reclamebureau,Minor Art \'n\' Sound,Minor The Next Web,Minor Art \'n\' Sound,,,"
"2658,Minor Art & Sound,Minor The Next Web,Minor The Next Web,Minor Art \'n\' Sound,Minor Art \'n\' Sound,,,"
"1776,Minor Art\'n\'Sound,Minor 3D,Minor The Next Web,Minor Crossmedia,,,,"
"2772,Minor Art\'n\'sound,Minor Art \'n\' Sound,Minor 3D,Minor 3D,Minor 3D,,,"
"2928,Minor Art\'n\'sound,Minor Art \'n\' Sound,Minor Art \'n\' Sound,Minor Art \'n\' Sound,Minor Transmedia Storytelling,,,"
"2593,Minor Art\'n\'sound,Minor Art\'n\'Sound,Minor Art\'n\'sound,Minor Art \'n\' Sound,Minor Crossmedia,Minor Art \'n\' Sound,Minor Concepting,"
"2606,Minor Art\'n\'sound,Minor Art\'n\'Sound,Minor Art\'n\'sound,Minor Art \'n\' Sound,Minor Transmedia Storytelling,,,"
"2536,Minor Art\'n\'Sound,Minor Art\'n\'sound,Minor Crossmedia,Minor Crossmedia,Minor Crossmedia,Minor Transmedia Storytelling,,"
"2750,Minor Art\'n\'sound,Minor Concepting,Minor Concepting,,,,,"
"2497,Minor Art\'n\'sound,Minor Crossmedia,Minor Concepting,Minor Concepting,Minor Concepting,Minor Concepting,Minor Transmedia Storytelling,"
"2654,Minor Art\'n\'Sound,Minor Crossmedia,Minor Concepting,Minor Crossmedia,Minor The Next Web,,,"
"2514,Minor Art\'n\'sound,Minor Crossmedia,Minor Crossmedia,Minor Crossmedia,,,,"
"2690,Minor Art\'n\'sound,Minor Crossmedia,Minor Crossmedia,,,,,"
"2781,Minor Art\'n\'Sound,Minor Crossmedia,Minor Game Design,Minor Game Design,,,,"
"2814,Minor Art\'n\'sound,Minor Crossmedia,Minor Multimediaal Reclamebureau,,,,,"
"2873,Minor Art\'n\'sound,Minor Crossmedia,Minor Multimediaal Reclamebureau,,,,,"
"2675,Minor Art\'n\'sound,Minor Crossmedia,Minor Ondernemen,Minor Concepting,Minor Concepting,,,"
"1657,Minor Art\'n\'sound,Minor Crossmedia,,,,,,"
"2812,Minor Art\'n\'sound,Minor Multimediaal Reclamebureau,Minor Art \'n\' Sound,,,,,"
"2843,Minor Art\'n\'sound,Minor Ondernemen,Minor Art \'n\' Sound,Minor Transmedia Storytelling,,,,"
"2759,Minor Concepting,Minor 3D,Minor 3D,Minor Concepting,,,,"
"1702,Minor Concepting,Minor 3D,Minor 3D,,,,,"
"1307,Minor Concepting,Minor 3D,Minor Game Design,Minor Game Design,Minor Game Design,,,"
"2693,Minor Concepting,Minor Art \'n\' Sound,Minor Concepting,,,,,"
"3110,Minor Concepting,Minor Art \'n\' Sound,,,,,,"
"3407,Minor Concepting,Minor Art \'n\' Sound,,,,,,"
"1723,Minor Concepting,Minor Art\'n\'sound,,,,,,"
"3093,Minor Concepting,Minor Concepting,Minor Art \'n\' Sound,,,,,"
"2738,Minor Concepting,Minor Concepting,Minor Concepting,Minor 3D,Minor 3D,,,"
"1454,Minor Concepting,Minor Concepting,Minor Concepting,Minor Concepting,Minor Concepting,,,"
"2880,Minor Concepting,Minor Concepting,Minor Concepting,Minor Concepting,,,,"
"3222,Minor Concepting,Minor Concepting,Minor Concepting,Minor Concepting,,,,"
"3151,Minor Concepting,Minor Concepting,Minor Concepting,Minor Multimediaal Reclamebureau,,,,"
"1603,Minor Concepting,Minor Concepting,Minor Concepting,,,,,"
"2442,Minor Concepting,Minor Concepting,Minor Concepting,,,,,"
"3132,Minor Concepting,Minor Concepting,Minor Concepting,,,,,"
"3223,Minor Concepting,Minor Concepting,Minor Concepting,,,,,"
"3243,Minor Concepting,Minor Concepting,Minor Frisian Design Factory,,,,,"
"2710,Minor Concepting,Minor Concepting,Minor Multimediaal Reclamebureau,,,,,"
"2595,Minor Concepting,Minor Concepting,Minor Ondernemen,,,,,"
"2561,Minor Concepting,Minor Concepting,Minor Ondernemen,,,,,"
"1359,Minor Concepting,Minor Concepting,Minor The Next Web,Minor The Next Web,Minor The Next Web,Minor The Next Web,,"
"811,Minor Concepting,Minor Concepting,,,,,,"
"3145,Minor Concepting,Minor Concepting,,,,,,"
"1513,Minor Concepting,Minor Concepting,,,,,,"
"2762,Minor Concepting,Minor Concepting,,,,,,"
"2700,Minor Concepting,Minor Concepting,,,,,,"
"3437,Minor Concepting,Minor Concepting,,,,,,"
"3443,Minor Concepting,Minor Concepting,,,,,,"
"3409,Minor Concepting,Minor Concepting,,,,,,"
"3610,Minor Concepting,Minor Concepting,,,,,,"
"3095,Minor Concepting,Minor Crossmedia,Minor Concepting,Minor Concepting,Minor Concepting,,,"
"1316,Minor Concepting,Minor Crossmedia,Minor Crossmedia,Minor Crossmedia,,,,"
"3115,Minor Concepting,Minor Crossmedia,Minor Crossmedia,Minor Transmedia Storytelling,Minor Transmedia Storytelling,,,"
"3144,Minor Concepting,Minor Crossmedia,Minor Crossmedia,Minor Transmedia Storytelling,Minor Transmedia Storytelling,,,"
"1642,Minor Concepting,Minor Crossmedia,Minor Crossmedia,,,,,"
"3156,Minor Concepting,Minor Crossmedia,Minor The Next Web,,,,,"
"3180,Minor Concepting,Minor Crossmedia,Minor Transmedia Storytelling,Minor Concepting,,,,"
"1580,Minor Concepting,Minor Game Design,Minor Game Design,Minor Game Design,,,,"
"3259,Minor Concepting,Minor Game Design,,,,,,"
"1724,Minor Concepting,Minor Multimediaal Reclamebureau,Minor Concepting,Minor Multimediaal Reclamebureau,Minor Multimediaal Reclamebureau,Minor Multimediaal Reclamebureau,,"
"3412,Minor Concepting,Minor Multimediaal Reclamebureau,Minor Concepting,,,,,"
"3080,Minor Concepting,Minor Multimediaal Reclamebureau,Minor Concepting,,,,,"
"1709,Minor Concepting,Minor Multimediaal Reclamebureau,Minor Crossmedia,Minor Crossmedia,Minor Multimediaal Reclamebureau,,,"
"2694,Minor Concepting,Minor Multimediaal Reclamebureau,Minor Multimediaal Reclamebureau,Minor Multimediaal Reclamebureau,,,,"
"3457,Minor Concepting,Minor Multimediaal Reclamebureau,Minor Multimediaal Reclamebureau,,,,,"
"2655,Minor Concepting,Minor Multimediaal Reclamebureau,,,,,,"
"3499,Minor Concepting,Minor Multimediaal Reclamebureau,,,,,,"
"3549,Minor Concepting,Minor Multimediaal Reclamebureau,,,,,,"
"3515,Minor Concepting,Minor Multimediaal Reclamebureau,,,,,,"
"3470,Minor Concepting,Minor Multimediaal Reclamebureau,,,,,,"
"3539,Minor Concepting,Minor Multimediaal Reclamebureau,,,,,,"
"3368,Minor Concepting,Minor Multimediaal Reclamebureau,,,,,,"
"1482,Minor Concepting,Minor The Next Web,Minor The Next Web,Minor The Next Web,Minor The Next Web,,,"
"2531,Minor Concepting,Minor Transmedia Storytelling,,,,,,"
"3363,Minor Concepting,Minor Transmedia Storytelling,,,,,,"
"3385,Minor Concepting,Minor Transmedia Storytelling,,,,,,"
"3517,Minor Concepting,Minor Transmedia Storytelling,,,,,,"
"1427,Minor Concepting,,,,,,,"
"1429,Minor Concepting,,,,,,,"
"1537,Minor Concepting,,,,,,,"
"3359,Minor Concepting,,,,,,,"
"3513,Minor Concepting,,,,,,,"
"3440,Minor Concepting,,,,,,,"
"3394,Minor Concepting,,,,,,,"
"3357,Minor Concepting,,,,,,,"
"3467,Minor Concepting,,,,,,,"
"3585,Minor Concepting,,,,,,,"
"3584,Minor Concepting,,,,,,,"
"3614,Minor Concepting,,,,,,,"
"3651,Minor Concepting,,,,,,,"
"3605,Minor Concepting,,,,,,,"
"3718,Minor Concepting,,,,,,,"
"3654,Minor Concepting,,,,,,,"
"3759,Minor Concepting,,,,,,,"
"2580,Minor Crossmedia,Minor 3D,Minor 3D,Minor 3D,Minor 3D,Minor 3D,,"
"3203,Minor Crossmedia,Minor 3D,Minor 3D,,,,,"
"1750,Minor Crossmedia,Minor 3D,,,,,,"
"2841,Minor Crossmedia,Minor Art \'n\' Sound,Minor 3D,Minor 3D,,,,"
"2822,Minor Crossmedia,Minor Art \'n\' Sound,Minor Art \'n\' Sound,Minor Concepting,,,,"
"3374,Minor Crossmedia,Minor Art \'n\' Sound,Minor Art \'n\' Sound,,,,,"
"3128,Minor Crossmedia,Minor Art \'n\' Sound,,,,,,"
"1288,Minor Crossmedia,Minor Art & Sound,Minor Multimediaal Reclamebureau,Minor Crossmedia,Minor Art \'n\' Sound,,,"
"2570,Minor Crossmedia,Minor Art\'n\'Sound,Minor Art \'n\' Sound,,,,,"
"2717,Minor Crossmedia,Minor Art\'n\'sound,,,,,,"
"820,Minor Crossmedia,Minor Concepting,Minor Art \'n\' Sound,,,,,"
"2852,Minor Crossmedia,Minor Concepting,Minor Art \'n\' Sound,,,,,"
"2459,Minor Crossmedia,Minor Concepting,Minor Concepting,Minor Art \'n\' Sound,,,,"
"2910,Minor Crossmedia,Minor Concepting,Minor Concepting,Minor Art \'n\' Sound,,,,"
"2493,Minor Crossmedia,Minor Concepting,Minor Concepting,Minor Concepting,,,,"
"2882,Minor Crossmedia,Minor Concepting,Minor Concepting,Minor Concepting,,,,"
"2680,Minor Crossmedia,Minor Concepting,Minor Concepting,Minor Concepting,,,,"
"2758,Minor Crossmedia,Minor Concepting,Minor Concepting,Minor Multimediaal Reclamebureau,,,,"
"2530,Minor Crossmedia,Minor Concepting,Minor Concepting,,,,,"
"2783,Minor Crossmedia,Minor Concepting,Minor Concepting,,,,,"
"2971,Minor Crossmedia,Minor Concepting,Minor Concepting,,,,,"
"3206,Minor Crossmedia,Minor Concepting,Minor Concepting,,,,,"
"2727,Minor Crossmedia,Minor Concepting,Minor Crossmedia,Minor Crossmedia,Minor Crossmedia,,,"
"586,Minor Crossmedia,Minor Concepting,Minor Ondernemen,,,,,"
"3094,Minor Crossmedia,Minor Concepting,Minor Transmedia Storytelling,Minor Concepting,,,,"
"3201,Minor Crossmedia,Minor Concepting,Minor Transmedia Storytelling,Minor Concepting,,,,"
"3209,Minor Crossmedia,Minor Concepting,Minor Transmedia Storytelling,,,,,"
"548,Minor Crossmedia,Minor Concepting,,,,,,"
"2297,Minor Crossmedia,Minor Concepting,,,,,,"
"3192,Minor Crossmedia,Minor Concepting,,,,,,"
"1685,Minor Crossmedia,Minor Crossmedia,Minor 3D,Minor 3D,Minor 3D,,,"
"1425,Minor Crossmedia,Minor Crossmedia,Minor 3D,,,,,"
"2763,Minor Crossmedia,Minor Crossmedia,Minor Art \'n\' Sound,Minor Art \'n\' Sound,Minor Concepting,,,"
"2495,Minor Crossmedia,Minor Crossmedia,Minor Art \'n\' Sound,,,,,"
"2616,Minor Crossmedia,Minor Crossmedia,Minor Concepting,Minor Art \'n\' Sound,Minor Crossmedia,Minor Transmedia Storytelling,,"
"1689,Minor Crossmedia,Minor Crossmedia,Minor Concepting,Minor Concepting,Minor Art \'n\' Sound,Minor Art \'n\' Sound,,"
"2559,Minor Crossmedia,Minor Crossmedia,Minor Concepting,Minor Concepting,Minor Concepting,Minor Concepting,,"
"2107,Minor Crossmedia,Minor Crossmedia,Minor Concepting,Minor Concepting,Minor Crossmedia,,,"
"1431,Minor Crossmedia,Minor Crossmedia,Minor Concepting,Minor Crossmedia,Minor Concepting,Minor Concepting,,"
"2444,Minor Crossmedia,Minor Crossmedia,Minor Concepting,Minor Crossmedia,Minor Crossmedia,,,"
"1587,Minor Crossmedia,Minor Crossmedia,Minor Concepting,,,,,"
"2565,Minor Crossmedia,Minor Crossmedia,Minor Crossmedia,Minor Concepting,Minor Concepting,Minor Concepting,,"
"2797,Minor Crossmedia,Minor Crossmedia,Minor Crossmedia,Minor Concepting,Minor Concepting,Minor Concepting,,"
"2729,Minor Crossmedia,Minor Crossmedia,Minor Crossmedia,Minor Concepting,Minor Concepting,,,"
"1567,Minor Crossmedia,Minor Crossmedia,Minor Crossmedia,Minor Concepting,,,,"
"2455,Minor Crossmedia,Minor Crossmedia,Minor Crossmedia,Minor Concepting,,,,"
"2553,Minor Crossmedia,Minor Crossmedia,Minor Crossmedia,Minor Concepting,,,,"
"2578,Minor Crossmedia,Minor Crossmedia,Minor Crossmedia,Minor Concepting,,,,"
"2510,Minor Crossmedia,Minor Crossmedia,Minor Crossmedia,Minor Concepting,,,,"
"1423,Minor Crossmedia,Minor Crossmedia,Minor Crossmedia,Minor Crossmedia,Minor Concepting,Minor Concepting,Minor Crossmedia,Minor Crossmedia"
"2463,Minor Crossmedia,Minor Crossmedia,Minor Crossmedia,Minor Crossmedia,Minor Concepting,Minor Concepting,,"
"1461,Minor Crossmedia,Minor Crossmedia,Minor Crossmedia,Minor Crossmedia,Minor Concepting,Minor Crossmedia,,"
"1669,Minor Crossmedia,Minor Crossmedia,Minor Crossmedia,Minor Crossmedia,Minor Concepting,,,"
"2525,Minor Crossmedia,Minor Crossmedia,Minor Crossmedia,Minor Crossmedia,Minor Crossmedia,Minor Concepting,Minor Transmedia Storytelling,"
"2574,Minor Crossmedia,Minor Crossmedia,Minor Crossmedia,Minor Crossmedia,Minor Crossmedia,,,"
"2908,Minor Crossmedia,Minor Crossmedia,Minor Crossmedia,Minor Crossmedia,Minor Multimediaal Reclamebureau,,,"
"2464,Minor Crossmedia,Minor Crossmedia,Minor Crossmedia,Minor Crossmedia,Minor Transmedia Storytelling,,,"
"2835,Minor Crossmedia,Minor Crossmedia,Minor Crossmedia,Minor Crossmedia,Minor Transmedia Storytelling,,,"
"2869,Minor Crossmedia,Minor Crossmedia,Minor Crossmedia,Minor Crossmedia,Minor Transmedia Storytelling,,,"
"2806,Minor Crossmedia,Minor Crossmedia,Minor Crossmedia,Minor Crossmedia,Minor Transmedia Storytelling,,,"
"2515,Minor Crossmedia,Minor Crossmedia,Minor Crossmedia,Minor Crossmedia,,,,"
"1703,Minor Crossmedia,Minor Crossmedia,Minor Crossmedia,Minor Crossmedia,,,,"
"2765,Minor Crossmedia,Minor Crossmedia,Minor Crossmedia,Minor Crossmedia,,,,"
"1241,Minor Crossmedia,Minor Crossmedia,Minor Crossmedia,Minor Multimediaal Reclamebureau,Minor Crossmedia,Minor Crossmedia,,"
"2963,Minor Crossmedia,Minor Crossmedia,Minor Crossmedia,Minor Multimediaal Reclamebureau,Minor Multimediaal Reclamebureau,,,"
"2538,Minor Crossmedia,Minor Crossmedia,Minor Crossmedia,Minor Ondernemen,Minor 3D,,,"
"2472,Minor Crossmedia,Minor Crossmedia,Minor Crossmedia,Minor Ondernemen,,,,"
"2730,Minor Crossmedia,Minor Crossmedia,Minor Crossmedia,Minor The Next Web,,,,"
"2997,Minor Crossmedia,Minor Crossmedia,Minor Crossmedia,Minor Transmedia Storytelling,Minor Multimediaal Reclamebureau,,,"
"1393,Minor Crossmedia,Minor Crossmedia,Minor Crossmedia,Minor Transmedia Storytelling,,,,"
"2683,Minor Crossmedia,Minor Crossmedia,Minor Crossmedia,Minor Transmedia Storytelling,,,,"
"3218,Minor Crossmedia,Minor Crossmedia,Minor Crossmedia,Minor Transmedia Storytelling,,,,"
"766,Minor Crossmedia,Minor Crossmedia,Minor Crossmedia,,,,,"
"1281,Minor Crossmedia,Minor Crossmedia,Minor Crossmedia,,,,,"
"1309,Minor Crossmedia,Minor Crossmedia,Minor Crossmedia,,,,,"
"1530,Minor Crossmedia,Minor Crossmedia,Minor Crossmedia,,,,,"
"2506,Minor Crossmedia,Minor Crossmedia,Minor Crossmedia,,,,,"
"2791,Minor Crossmedia,Minor Crossmedia,Minor Crossmedia,,,,,"
"3193,Minor Crossmedia,Minor Crossmedia,Minor Game Design,,,,,"
"3159,Minor Crossmedia,Minor Crossmedia,Minor Multimediaal Reclamebureau,Minor Concepting,,,,"
"3179,Minor Crossmedia,Minor Crossmedia,Minor Multimediaal Reclamebureau,,,,,"
"2450,Minor Crossmedia,Minor Crossmedia,Minor The Next Web,Minor The Next Web,Minor Multimediaal Reclamebureau,,,"
"2720,Minor Crossmedia,Minor Crossmedia,Minor The Next Web,,,,,"
"3140,Minor Crossmedia,Minor Crossmedia,Minor Transmedia Storytelling,Minor 3D,,,,"
"3253,Minor Crossmedia,Minor Crossmedia,Minor Transmedia Storytelling,Minor Multimediaal Reclamebureau,,,,"
"3190,Minor Crossmedia,Minor Crossmedia,Minor Transmedia Storytelling,,,,,"
"3210,Minor Crossmedia,Minor Crossmedia,Minor Transmedia Storytelling,,,,,"
"3302,Minor Crossmedia,Minor Crossmedia,Minor Transmedia Storytelling,,,,,"
"3312,Minor Crossmedia,Minor Crossmedia,Minor Transmedia Storytelling,,,,,"
"2927,Minor Crossmedia,Minor Crossmedia,,,,,,"
"3215,Minor Crossmedia,Minor Crossmedia,,,,,,"
"1430,Minor Crossmedia,Minor Game Design,Minor Crossmedia,Minor Crossmedia,,,,"
"2983,Minor Crossmedia,Minor Game Design,Minor The Next Web,Minor Multimediaal Reclamebureau,,,,"
"3450,Minor Crossmedia,Minor Multimediaal Reclamebureau,Minor Art \'n\' Sound,,,,,"
"2414,Minor Crossmedia,Minor Multimediaal Reclamebureau,Minor Concepting,Minor Concepting,Minor Concepting,Minor Concepting,,"
"2740,Minor Crossmedia,Minor Multimediaal Reclamebureau,Minor Concepting,Minor Multimediaal Reclamebureau,,,,"
"2592,Minor Crossmedia,Minor Multimediaal Reclamebureau,Minor Crossmedia,Minor Crossmedia,Minor Crossmedia,,,"
"818,Minor Crossmedia,Minor Multimediaal Reclamebureau,Minor Crossmedia,,,,,"
"1647,Minor Crossmedia,Minor Multimediaal Reclamebureau,Minor Multimediaal Reclamebureau,Minor Art \'n\' Sound,,,,"
"1636,Minor Crossmedia,Minor Multimediaal Reclamebureau,Minor Multimediaal Reclamebureau,Minor Multimediaal Reclamebureau,,,,"
"2408,Minor Crossmedia,Minor Multimediaal Reclamebureau,Minor Multimediaal Reclamebureau,Minor The Next Web,Minor The Next Web,Minor Multimediaal Reclamebureau,,"
"2547,Minor Crossmedia,Minor Multimediaal Reclamebureau,Minor Multimediaal Reclamebureau,,,,,"
"3297,Minor Crossmedia,Minor Multimediaal Reclamebureau,Minor Multimediaal Reclamebureau,,,,,"
"1255,Minor Crossmedia,Minor Multimediaal Reclamebureau,Minor The Next Web,Minor The Next Web,Minor The Next Web,,,"
"2438,Minor Crossmedia,Minor Multimediaal Reclamebureau,Minor The Next Web,,,,,"
"742,Minor Crossmedia,Minor Multimediaal Reclamebureau,,,,,,"
"3149,Minor Crossmedia,Minor Multimediaal Reclamebureau,,,,,,"
"1684,Minor Crossmedia,Minor The Next Web,Minor Crossmedia,Minor Crossmedia,Minor Crossmedia,Minor Concepting,Minor Art \'n\' Sound,"
"2757,Minor Crossmedia,Minor The Next Web,Minor The Next Web,Minor The Next Web,Minor The Next Web,Minor The Next Web,,"
"3283,Minor Crossmedia,Minor The Next Web,Minor The Next Web,Minor The Next Web,,,,"
"1477,Minor Crossmedia,Minor The Next Web,,,,,,"
"3323,Minor Crossmedia,Minor Transmedia Storytelling,Minor Art \'n\' Sound,,,,,"
"3463,Minor Crossmedia,Minor Transmedia Storytelling,Minor Multimediaal Reclamebureau,,,,,"
"3311,Minor Crossmedia,Minor Transmedia Storytelling,Minor Transmedia Storytelling,,,,,"
"3319,Minor Crossmedia,Minor Transmedia Storytelling,Minor Transmedia Storytelling,,,,,"
"3300,Minor Crossmedia,Minor Transmedia Storytelling,Minor Transmedia Storytelling,,,,,"
"3518,Minor Crossmedia,Minor Transmedia Storytelling,Minor Transmedia Storytelling,,,,,"
"1266,Minor Crossmedia,,,,,,,"
"498,Minor Crossmedia,,,,,,,"
"3100,Minor Crossmedia,,,,,,,"
"3165,Minor Crossmedia,,,,,,,"
"3581,Minor Crossmedia,,,,,,,"
"1314,Minor Educatie,Minor Crossmedia,Minor Crossmedia,Minor Crossmedia,Minor Crossmedia,,,"
"1076,Minor Educatie & Multimedia,,,,,,,"
"3504,Minor Frisian Design Factory,,,,,,,"
"3762,Minor Frisian Design Factory,,,,,,,"
"2855,Minor Game Design,Minor 3D,Minor 3D,Minor 3D,,,,"
"1564,Minor Game Design,Minor 3D,Minor 3D,,,,,"
"3122,Minor Game Design,Minor 3D,Minor 3D,,,,,"
"2926,Minor Game Design,Minor 3D,Minor 3D,,,,,"
"3240,Minor Game Design,Minor 3D,Minor Game Design,Minor 3D,Minor 3D,,,"
"2919,Minor Game Design,Minor 3D,Minor Game Design,Minor 3D,,,,"
"1715,Minor Game Design,Minor 3D,Minor Game Design,Minor Game Design,Minor Game Design,Minor Game Design,,"
"3101,Minor Game Design,Minor 3D,Minor Game Design,,,,,"
"3097,Minor Game Design,Minor 3D,Minor Game Design,,,,,"
"2725,Minor Game Design,Minor 3D,Minor Multimediaal Reclamebureau,Minor 3D,Minor 3D,,,"
"3091,Minor Game Design,Minor 3D,,,,,,"
"3152,Minor Game Design,Minor Concepting,Minor 3D,,,,,"
"1334,Minor Game Design,Minor Concepting,Minor Concepting,,,,,"
"1498,Minor Game Design,Minor Crossmedia,Minor Crossmedia,Minor Crossmedia,Minor Ondernemen,,,"
"1218,Minor Game Design,Minor Game Design,Minor 3D,Minor 3D,,,,"
"1560,Minor Game Design,Minor Game Design,Minor 3D,Minor Game Design,Minor Game Design,,,"
"1779,Minor Game Design,Minor Game Design,Minor 3D,,,,,"
"2317,Minor Game Design,Minor Game Design,Minor Concepting,Minor Concepting,Minor Concepting,Minor 3D,,"
"2821,Minor Game Design,Minor Game Design,Minor Concepting,Minor Concepting,Minor Concepting,,,"
"3316,Minor Game Design,Minor Game Design,Minor Concepting,Minor Concepting,,,,"
"1010,Minor Game Design,Minor Game Design,Minor Concepting,Minor Game Design,Minor Game Design,Minor Concepting,,"
"2466,Minor Game Design,Minor Game Design,Minor Crossmedia,Minor Concepting,Minor Concepting,,,"
"2481,Minor Game Design,Minor Game Design,Minor Game Design,Minor 3D,Minor 3D,Minor Game Design,,"
"1228,Minor Game Design,Minor Game Design,Minor Game Design,Minor 3D,Minor Game Design,Minor 3D,,"
"1607,Minor Game Design,Minor Game Design,Minor Game Design,Minor 3D,,,,"
"2582,Minor Game Design,Minor Game Design,Minor Game Design,Minor Art \'n\' Sound,Minor Art \'n\' Sound,,,"
"2774,Minor Game Design,Minor Game Design,Minor Game Design,Minor Concepting,Minor Concepting,Minor Concepting,Minor Concepting,"
"2446,Minor Game Design,Minor Game Design,Minor Game Design,Minor Game Design,Minor Concepting,,,"
"1226,Minor Game Design,Minor Game Design,Minor Game Design,Minor Game Design,Minor Game Design,Minor Game Design,Minor Game Design,"
"2423,Minor Game Design,Minor Game Design,Minor Game Design,Minor Game Design,Minor Game Design,Minor Game Design,,"
"1416,Minor Game Design,Minor Game Design,Minor Game Design,Minor Game Design,Minor Game Design,,,"
"1656,Minor Game Design,Minor Game Design,Minor Game Design,Minor Game Design,Minor Game Design,,,"
"1566,Minor Game Design,Minor Game Design,Minor Game Design,Minor Game Design,Minor Game Design,,,"
"2416,Minor Game Design,Minor Game Design,Minor Game Design,Minor Game Design,Minor Game Design,,,"
"2907,Minor Game Design,Minor Game Design,Minor Game Design,Minor Game Design,Minor Game Design,,,"
"2867,Minor Game Design,Minor Game Design,Minor Game Design,Minor Game Design,Minor The Next Web,,,"
"1336,Minor Game Design,Minor Game Design,Minor Game Design,Minor Game Design,,,,"
"1643,Minor Game Design,Minor Game Design,Minor Game Design,Minor Game Design,,,,"
"1006,Minor Game Design,Minor Game Design,Minor Game Design,Minor Game Design,,,,"
"2590,Minor Game Design,Minor Game Design,Minor Game Design,Minor Game Design,,,,"
"2492,Minor Game Design,Minor Game Design,Minor Game Design,Minor Game Design,,,,"
"2721,Minor Game Design,Minor Game Design,Minor Game Design,Minor Game Design,,,,"
"1239,Minor Game Design,Minor Game Design,Minor Game Design,,,,,"
"1526,Minor Game Design,Minor Game Design,Minor Game Design,,,,,"
"3135,Minor Game Design,Minor Game Design,Minor Game Design,,,,,"
"2670,Minor Game Design,Minor Game Design,Minor Game Design,,,,,"
"3147,Minor Game Design,Minor Game Design,Minor Game Design,,,,,"
"3119,Minor Game Design,Minor Game Design,Minor Game Design,,,,,"
"3208,Minor Game Design,Minor Game Design,Minor Game Design,,,,,"
"3250,Minor Game Design,Minor Game Design,Minor Game Design,,,,,"
"3078,Minor Game Design,Minor Game Design,Minor Game Design,,,,,"
"3167,Minor Game Design,Minor Game Design,Minor Game Design,,,,,"
"2768,Minor Game Design,Minor Game Design,Minor The Next Web,Minor The Next Web,,,,"
"258,Minor Game Design,Minor Game Design,,,,,,"
"3172,Minor Game Design,Minor Game Design,,,,,,"
"3441,Minor Game Design,Minor Game Design,,,,,,"
"3375,Minor Game Design,Minor Game Design,,,,,,"
"1451,Minor Game Design,Minor Multimediaal Reclamebureau,Minor Game Design,Minor Game Design,Minor Game Design,Minor 3D,Minor Game Design,"
"2931,Minor Game Design,Minor Multimediaal Reclamebureau,,,,,,"
"2413,Minor Game Design,Minor The Next Web,Minor The Next Web,Minor The Next Web,Minor The Next Web,Minor The Next Web,Minor The Next Web,"
"2573,Minor Game Design,Minor The Next Web,Minor The Next Web,Minor The Next Web,Minor The Next Web,,,"
"3142,Minor Game Design,Minor The Next Web,Minor The Next Web,Minor The Next Web,Minor The Next Web,,,"
"1328,Minor Game Design,,,,,,,"
"3464,Minor Game Design,,,,,,,"
"3365,Minor Game Design,,,,,,,"
"3486,Minor Game Design,,,,,,,"
"3416,Minor Game Design,,,,,,,"
"3567,Minor Game Design,,,,,,,"
"3497,Minor Game Design,,,,,,,"
"3475,Minor Game Design,,,,,,,"
"3472,Minor Game Design,,,,,,,"
"3460,Minor Game Design,,,,,,,"
"3418,Minor Game Design,,,,,,,"
"3514,Minor Game Design,,,,,,,"
"3503,Minor Game Design,,,,,,,"
"3436,Minor Game Design,,,,,,,"
"756,Minor Gamedesign,Minor 3D,Minor 3D,,,,,"
"757,Minor Gamedesign,Minor Crossmedia,Minor 3D,Minor Crossmedia,,,,"
"2726,Minor Gamedesign,Minor Game Design,Minor Game Design,Minor 3D,Minor 3D,Minor 3D,,"
"234,Minor Gamedesign,Minor Multimediaal Reclamebureau,,,,,,"
"752,Minor Gamedesign,Minor The Next Web,,,,,,"
"261,Minor Gamedesign,,,,,,,"
"533,Minor Gamedesign,,,,,,,"
"3139,Minor Multimediaal Reclamebureau,Minor 3D,Minor The Next Web,Minor Multimediaal Reclamebureau,,,,"
"3596,Minor Multimediaal Reclamebureau,Minor 3D,,,,,,"
"3092,Minor Multimediaal Reclamebureau,Minor Art \'n\' Sound,Minor Transmedia Storytelling,,,,,"
"2470,Minor Multimediaal Reclamebureau,Minor Art \'n\' Sound,,,,,,"
"3098,Minor Multimediaal Reclamebureau,Minor Art \'n\' Sound,,,,,,"
"2417,Minor Multimediaal Reclamebureau,Minor Concepting,Minor Art \'n\' Sound,,,,,"
"2856,Minor Multimediaal Reclamebureau,Minor Concepting,Minor Concepting,Minor Concepting,,,,"
"2845,Minor Multimediaal Reclamebureau,Minor Concepting,Minor Concepting,Minor Multimediaal Reclamebureau,,,,"
"2739,Minor Multimediaal Reclamebureau,Minor Concepting,Minor Multimediaal Reclamebureau,Minor Transmedia Storytelling,,,,"
"2724,Minor Multimediaal Reclamebureau,Minor Concepting,Minor Multimediaal Reclamebureau,,,,,"
"2424,Minor Multimediaal Reclamebureau,Minor Concepting,,,,,,"
"2581,Minor Multimediaal Reclamebureau,Minor Concepting,,,,,,"
"2706,Minor Multimediaal Reclamebureau,Minor Concepting,,,,,,"
"2476,Minor Multimediaal Reclamebureau,Minor Crossmedia,Minor Concepting,Minor Concepting,Minor Concepting,,,"
"1479,Minor Multimediaal Reclamebureau,Minor Crossmedia,Minor Concepting,Minor Concepting,Minor Transmedia Storytelling,,,"
"1578,Minor Multimediaal Reclamebureau,Minor Crossmedia,Minor Concepting,Minor Concepting,,,,"
"2889,Minor Multimediaal Reclamebureau,Minor Crossmedia,Minor Crossmedia,Minor Crossmedia,Minor Transmedia Storytelling,,,"
"1743,Minor Multimediaal Reclamebureau,Minor Crossmedia,Minor Crossmedia,Minor Multimediaal Reclamebureau,Minor Multimediaal Reclamebureau,Minor The Next Web,,"
"1529,Minor Multimediaal Reclamebureau,Minor Crossmedia,Minor The Next Web,,,,,"
"2760,Minor Multimediaal Reclamebureau,Minor Crossmedia,Minor The Next Web,,,,,"
"3083,Minor Multimediaal Reclamebureau,Minor Crossmedia,Minor Transmedia Storytelling,Minor 3D,,,,"
"3241,Minor Multimediaal Reclamebureau,Minor Crossmedia,,,,,,"
"2771,Minor Multimediaal Reclamebureau,Minor Game Design,Minor Game Design,Minor 3D,,,,"
"1700,Minor Multimediaal Reclamebureau,Minor Multimediaal Reclamebureau,Minor Concepting,Minor Concepting,Minor Concepting,Minor Concepting,,"
"2755,Minor Multimediaal Reclamebureau,Minor Multimediaal Reclamebureau,Minor Concepting,Minor Concepting,Minor Concepting,,,"
"2695,Minor Multimediaal Reclamebureau,Minor Multimediaal Reclamebureau,Minor Concepting,Minor Concepting,,,,"
"2708,Minor Multimediaal Reclamebureau,Minor Multimediaal Reclamebureau,Minor Concepting,Minor Concepting,,,,"
"1291,Minor Multimediaal Reclamebureau,Minor Multimediaal Reclamebureau,Minor Concepting,Minor Crossmedia,Minor Crossmedia,,,"
"3202,Minor Multimediaal Reclamebureau,Minor Multimediaal Reclamebureau,Minor Concepting,Minor Multimediaal Reclamebureau,,,,"
"3104,Minor Multimediaal Reclamebureau,Minor Multimediaal Reclamebureau,Minor Concepting,,,,,"
"3114,Minor Multimediaal Reclamebureau,Minor Multimediaal Reclamebureau,Minor Concepting,,,,,"
"3184,Minor Multimediaal Reclamebureau,Minor Multimediaal Reclamebureau,Minor Concepting,,,,,"
"3130,Minor Multimediaal Reclamebureau,Minor Multimediaal Reclamebureau,Minor Concepting,,,,,"
"3134,Minor Multimediaal Reclamebureau,Minor Multimediaal Reclamebureau,Minor Concepting,,,,,"
"3109,Minor Multimediaal Reclamebureau,Minor Multimediaal Reclamebureau,Minor Concepting,,,,,"
"3236,Minor Multimediaal Reclamebureau,Minor Multimediaal Reclamebureau,Minor Concepting,,,,,"
"2779,Minor Multimediaal Reclamebureau,Minor Multimediaal Reclamebureau,Minor Concepting,,,,,"
"3304,Minor Multimediaal Reclamebureau,Minor Multimediaal Reclamebureau,Minor Concepting,,,,,"
"2433,Minor Multimediaal Reclamebureau,Minor Multimediaal Reclamebureau,Minor Crossmedia,Minor Concepting,Minor Multimediaal Reclamebureau,Minor Multimediaal Reclamebureau,,"
"2842,Minor Multimediaal Reclamebureau,Minor Multimediaal Reclamebureau,Minor Crossmedia,Minor The Next Web,Minor The Next Web,,,"
"2548,Minor Multimediaal Reclamebureau,Minor Multimediaal Reclamebureau,Minor Multimediaal Reclamebureau,Minor Multimediaal Reclamebureau,,,,"
"2796,Minor Multimediaal Reclamebureau,Minor Multimediaal Reclamebureau,Minor Multimediaal Reclamebureau,Minor Multimediaal Reclamebureau,,,,"
"2798,Minor Multimediaal Reclamebureau,Minor Multimediaal Reclamebureau,Minor Multimediaal Reclamebureau,Minor Multimediaal Reclamebureau,,,,"
"3168,Minor Multimediaal Reclamebureau,Minor Multimediaal Reclamebureau,Minor Multimediaal Reclamebureau,Minor Multimediaal Reclamebureau,,,,"
"2652,Minor Multimediaal Reclamebureau,Minor Multimediaal Reclamebureau,Minor Multimediaal Reclamebureau,Minor The Next Web,Minor The Next Web,,,"
"2716,Minor Multimediaal Reclamebureau,Minor Multimediaal Reclamebureau,Minor Multimediaal Reclamebureau,Minor The Next Web,,,,"
"3090,Minor Multimediaal Reclamebureau,Minor Multimediaal Reclamebureau,Minor Multimediaal Reclamebureau,,,,,"
"3160,Minor Multimediaal Reclamebureau,Minor Multimediaal Reclamebureau,Minor Multimediaal Reclamebureau,,,,,"
"3381,Minor Multimediaal Reclamebureau,Minor Multimediaal Reclamebureau,Minor Multimediaal Reclamebureau,,,,,"
"3382,Minor Multimediaal Reclamebureau,Minor Multimediaal Reclamebureau,Minor Multimediaal Reclamebureau,,,,,"
"1597,Minor Multimediaal Reclamebureau,Minor Multimediaal Reclamebureau,Minor The Next Web,,,,,"
"1414,Minor Multimediaal Reclamebureau,Minor Multimediaal Reclamebureau,,,,,,"
"2954,Minor Multimediaal Reclamebureau,Minor Multimediaal Reclamebureau,,,,,,"
"2744,Minor Multimediaal Reclamebureau,Minor Multimediaal Reclamebureau,,,,,,"
"3366,Minor Multimediaal Reclamebureau,Minor Multimediaal Reclamebureau,,,,,,"
"2961,Minor Multimediaal Reclamebureau,Minor Multimediaal Reclamebureau,,,,,,"
"3120,Minor Multimediaal Reclamebureau,Minor Multimediaal Reclamebureau,,,,,,"
"3373,Minor Multimediaal Reclamebureau,Minor Multimediaal Reclamebureau,,,,,,"
"3541,Minor Multimediaal Reclamebureau,Minor Multimediaal Reclamebureau,,,,,,"
"3390,Minor Multimediaal Reclamebureau,Minor Multimediaal Reclamebureau,,,,,,"
"3398,Minor Multimediaal Reclamebureau,Minor Multimediaal Reclamebureau,,,,,,"
"3401,Minor Multimediaal Reclamebureau,Minor Multimediaal Reclamebureau,,,,,,"
"3388,Minor Multimediaal Reclamebureau,Minor Multimediaal Reclamebureau,,,,,,"
"3508,Minor Multimediaal Reclamebureau,Minor Multimediaal Reclamebureau,,,,,,"
"3383,Minor Multimediaal Reclamebureau,Minor Multimediaal Reclamebureau,,,,,,"
"3535,Minor Multimediaal Reclamebureau,Minor Multimediaal Reclamebureau,,,,,,"
"3488,Minor Multimediaal Reclamebureau,Minor Multimediaal Reclamebureau,,,,,,"
"3158,Minor Multimediaal Reclamebureau,Minor Multimediaal Reclamebureau,,,,,,"
"3604,Minor Multimediaal Reclamebureau,Minor Multimediaal Reclamebureau,,,,,,"
"3620,Minor Multimediaal Reclamebureau,Minor Multimediaal Reclamebureau,,,,,,"
"2452,Minor Multimediaal Reclamebureau,Minor Ondernemen,,,,,,"
"2596,Minor Multimediaal Reclamebureau,Minor Ondernemen,,,,,,"
"2902,Minor Multimediaal Reclamebureau,Minor The Next Web,Minor Concepting,,,,,"
"2546,Minor Multimediaal Reclamebureau,Minor The Next Web,Minor Multimediaal Reclamebureau,Minor Multimediaal Reclamebureau,Minor Multimediaal Reclamebureau,Minor Multimediaal Reclamebureau,,"
"2532,Minor Multimediaal Reclamebureau,Minor The Next Web,Minor The Next Web,Minor Concepting,Minor Concepting,,,"
"3124,Minor Multimediaal Reclamebureau,Minor The Next Web,Minor The Next Web,Minor The Next Web,,,,"
"1292,Minor Multimediaal Reclamebureau,Minor The Next Web,Minor The Next Web,,,,,"
"3301,Minor Multimediaal Reclamebureau,Minor The Next Web,Minor Transmedia Storytelling,,,,,"
"2906,Minor Multimediaal Reclamebureau,Minor The Next Web,,,,,,"
"3386,Minor Multimediaal Reclamebureau,Minor The Next Web,,,,,,"
"859,Minor Multimediaal Reclamebureau,,,,,,,"
"871,Minor Multimediaal Reclamebureau,,,,,,,"
"2571,Minor Multimediaal Reclamebureau,,,,,,,"
"2849,Minor Multimediaal Reclamebureau,,,,,,,"
"3216,Minor Multimediaal Reclamebureau,,,,,,,"
"3505,Minor Multimediaal Reclamebureau,,,,,,,"
"3199,Minor Multimediaal Reclamebureau,,,,,,,"
"3107,Minor Multimediaal Reclamebureau,,,,,,,"
"3447,Minor Multimediaal Reclamebureau,,,,,,,"
"3426,Minor Multimediaal Reclamebureau,,,,,,,"
"3558,Minor Multimediaal Reclamebureau,,,,,,,"
"3489,Minor Multimediaal Reclamebureau,,,,,,,"
"3510,Minor Multimediaal Reclamebureau,,,,,,,"
"3414,Minor Multimediaal Reclamebureau,,,,,,,"
"3493,Minor Multimediaal Reclamebureau,,,,,,,"
"2712,Minor Ondernemen,Minor Multimediaal Reclamebureau,Minor Concepting,Minor Concepting,,,,"
"2805,Minor Ondernemen,Minor Multimediaal Reclamebureau,Minor Crossmedia,Minor Concepting,Minor Concepting,,,"
"1111,Minor Serious Media,,,,,,,"
"2605,Minor The Next Web,Minor 3D,Minor 3D,Minor 3D,Minor 3D,Minor 3D,,"
"2767,Minor The Next Web,Minor 3D,Minor 3D,Minor 3D,Minor 3D,,,"
"1420,Minor The Next Web,Minor 3D,Minor Crossmedia,Minor Crossmedia,Minor Crossmedia,,,"
"1331,Minor The Next Web,Minor 3D,Minor Crossmedia,,,,,"
"1588,Minor The Next Web,Minor 3D,Minor Multimediaal Reclamebureau,Minor Multimediaal Reclamebureau,Minor Crossmedia,Minor Multimediaal Reclamebureau,,"
"2557,Minor The Next Web,Minor 3D,Minor Multimediaal Reclamebureau,Minor The Next Web,Minor Multimediaal Reclamebureau,,,"
"3212,Minor The Next Web,Minor Art \'n\' Sound,Minor Multimediaal Reclamebureau,,,,,"
"1737,Minor The Next Web,Minor Art\'n\'sound,Minor Crossmedia,Minor Crossmedia,,,,"
"2915,Minor The Next Web,Minor Concepting,Minor 3D,Minor Multimediaal Reclamebureau,,,,"
"1343,Minor The Next Web,Minor Concepting,Minor Concepting,Minor Concepting,Minor Art\'n\'sound,,,"
"1070,Minor The Next Web,Minor Concepting,Minor Concepting,,,,,"
"3370,Minor The Next Web,Minor Concepting,,,,,,"
"2747,Minor The Next Web,Minor Crossmedia,Minor Crossmedia,Minor Crossmedia,Minor Crossmedia,,,"
"2719,Minor The Next Web,Minor Crossmedia,Minor Multimediaal Reclamebureau,Minor Multimediaal Reclamebureau,Minor Concepting,,,"
"2542,Minor The Next Web,Minor Crossmedia,Minor Multimediaal Reclamebureau,,,,,"
"1738,Minor The Next Web,Minor Crossmedia,Minor The Next Web,Minor The Next Web,Minor The Next Web,Minor The Next Web,,"
"1441,Minor The Next Web,Minor Crossmedia,,,,,,"
"1370,Minor The Next Web,Minor Game Design,Minor Game Design,Minor Game Design,,,,"
"2802,Minor The Next Web,Minor Multimediaal Reclamebureau,Minor Concepting,Minor Concepting,,,,"
"3173,Minor The Next Web,Minor Multimediaal Reclamebureau,Minor Concepting,,,,,"
"2897,Minor The Next Web,Minor Multimediaal Reclamebureau,Minor Crossmedia,Minor Crossmedia,Minor Multimediaal Reclamebureau,,,"
"2829,Minor The Next Web,Minor Multimediaal Reclamebureau,Minor Multimediaal Reclamebureau,Minor 3D,Minor 3D,,,"
"2761,Minor The Next Web,Minor Multimediaal Reclamebureau,Minor Multimediaal Reclamebureau,Minor Concepting,,,,"
"2718,Minor The Next Web,Minor Multimediaal Reclamebureau,Minor Multimediaal Reclamebureau,Minor Concepting,,,,"
"1488,Minor The Next Web,Minor Multimediaal Reclamebureau,Minor Multimediaal Reclamebureau,Minor Multimediaal Reclamebureau,Minor Multimediaal Reclamebureau,,,"
"2900,Minor The Next Web,Minor Multimediaal Reclamebureau,Minor Multimediaal Reclamebureau,Minor Multimediaal Reclamebureau,Minor Multimediaal Reclamebureau,,,"
"1591,Minor The Next Web,Minor Multimediaal Reclamebureau,Minor Multimediaal Reclamebureau,Minor Multimediaal Reclamebureau,,,,"
"3131,Minor The Next Web,Minor Multimediaal Reclamebureau,Minor Multimediaal Reclamebureau,Minor Multimediaal Reclamebureau,,,,"
"2832,Minor The Next Web,Minor Multimediaal Reclamebureau,Minor Multimediaal Reclamebureau,Minor Multimediaal Reclamebureau,,,,"
"3238,Minor The Next Web,Minor Multimediaal Reclamebureau,Minor Multimediaal Reclamebureau,Minor Multimediaal Reclamebureau,,,,"
"3229,Minor The Next Web,Minor Multimediaal Reclamebureau,Minor Multimediaal Reclamebureau,Minor Multimediaal Reclamebureau,,,,"
"1115,Minor The Next Web,Minor Multimediaal Reclamebureau,Minor Multimediaal Reclamebureau,,,,,"
"2778,Minor The Next Web,Minor Multimediaal Reclamebureau,Minor Multimediaal Reclamebureau,,,,,"
"2874,Minor The Next Web,Minor Multimediaal Reclamebureau,Minor The Next Web,Minor The Next Web,,,,"
"3162,Minor The Next Web,Minor Multimediaal Reclamebureau,Minor Transmedia Storytelling,,,,,"
"3408,Minor The Next Web,Minor Multimediaal Reclamebureau,,,,,,"
"3143,Minor The Next Web,Minor Multimediaal Reclamebureau,,,,,,"
"3536,Minor The Next Web,Minor Multimediaal Reclamebureau,,,,,,"
"3458,Minor The Next Web,Minor Multimediaal Reclamebureau,,,,,,"
"2483,Minor The Next Web,Minor Ondernemen,Minor The Next Web,Minor The Next Web,Minor The Next Web,Minor The Next Web,,"
"2851,Minor The Next Web,Minor Ondernemen,Minor The Next Web,Minor The Next Web,Minor The Next Web,,,"
"1629,Minor The Next Web,Minor The Next Web,Minor 3D,Minor 3D,Minor The Next Web,,,"
"3163,Minor The Next Web,Minor The Next Web,Minor Concepting,,,,,"
"2462,Minor The Next Web,Minor The Next Web,Minor Multimediaal Reclamebureau,Minor Multimediaal Reclamebureau,Minor Multimediaal Reclamebureau,Minor Multimediaal Reclamebureau,,"
"3261,Minor The Next Web,Minor The Next Web,Minor Multimediaal Reclamebureau,Minor Multimediaal Reclamebureau,Minor Multimediaal Reclamebureau,,,"
"1865,Minor The Next Web,Minor The Next Web,Minor Multimediaal Reclamebureau,Minor Multimediaal Reclamebureau,,,,"
"2659,Minor The Next Web,Minor The Next Web,Minor Multimediaal Reclamebureau,Minor The Next Web,,,,"
"2705,Minor The Next Web,Minor The Next Web,Minor Multimediaal Reclamebureau,Minor The Next Web,,,,"
"1213,Minor The Next Web,Minor The Next Web,Minor Multimediaal Reclamebureau,,,,,"
"2491,Minor The Next Web,Minor The Next Web,Minor Ondernemen,Minor The Next Web,,,,"
"2736,Minor The Next Web,Minor The Next Web,Minor The Next Web,Minor Concepting,,,,"
"1033,Minor The Next Web,Minor The Next Web,Minor The Next Web,Minor Crossmedia,,,,"
"2584,Minor The Next Web,Minor The Next Web,Minor The Next Web,Minor Game Design,Minor Game Design,Minor Game Design,,"
"318,Minor The Next Web,Minor The Next Web,Minor The Next Web,Minor The Next Web,Minor The Next Web,Minor The Next Web,Minor The Next Web,"
"1424,Minor The Next Web,Minor The Next Web,Minor The Next Web,Minor The Next Web,Minor The Next Web,Minor The Next Web,Minor The Next Web,"
"1284,Minor The Next Web,Minor The Next Web,Minor The Next Web,Minor The Next Web,Minor The Next Web,Minor The Next Web,Minor The Next Web,"
"1739,Minor The Next Web,Minor The Next Web,Minor The Next Web,Minor The Next Web,Minor The Next Web,Minor The Next Web,,"
"1621,Minor The Next Web,Minor The Next Web,Minor The Next Web,Minor The Next Web,Minor The Next Web,,,"
"2420,Minor The Next Web,Minor The Next Web,Minor The Next Web,Minor The Next Web,Minor The Next Web,,,"
"2828,Minor The Next Web,Minor The Next Web,Minor The Next Web,Minor The Next Web,Minor The Next Web,,,"
"2784,Minor The Next Web,Minor The Next Web,Minor The Next Web,Minor The Next Web,Minor The Next Web,,,"
"2782,Minor The Next Web,Minor The Next Web,Minor The Next Web,Minor The Next Web,Minor The Next Web,,,"
"2467,Minor The Next Web,Minor The Next Web,Minor The Next Web,Minor The Next Web,Minor The Next Web,,,"
"2430,Minor The Next Web,Minor The Next Web,Minor The Next Web,Minor The Next Web,Minor The Next Web,,,"
"2709,Minor The Next Web,Minor The Next Web,Minor The Next Web,Minor The Next Web,Minor The Next Web,,,"
"2844,Minor The Next Web,Minor The Next Web,Minor The Next Web,Minor The Next Web,Minor The Next Web,,,"
"2818,Minor The Next Web,Minor The Next Web,Minor The Next Web,Minor The Next Web,Minor The Next Web,,,"
"2752,Minor The Next Web,Minor The Next Web,Minor The Next Web,Minor The Next Web,Minor The Next Web,,,"
"2425,Minor The Next Web,Minor The Next Web,Minor The Next Web,Minor The Next Web,,,,"
"1697,Minor The Next Web,Minor The Next Web,Minor The Next Web,x1,,,,"
"3125,Minor The Next Web,Minor The Next Web,Minor The Next Web,Minor The Next Web,,,,"
"2853,Minor The Next Web,Minor The Next Web,Minor The Next Web,Minor The Next Web,,,,"
"2850,Minor The Next Web,Minor The Next Web,Minor The Next Web,Minor The Next Web,,,,"
"2865,Minor The Next Web,Minor The Next Web,Minor The Next Web,Minor The Next Web,,,,"
"3239,Minor The Next Web,Minor The Next Web,Minor The Next Web,Minor The Next Web,,,,"
"2847,Minor The Next Web,Minor The Next Web,Minor The Next Web,Minor The Next Web,,,,"
"3121,Minor The Next Web,Minor The Next Web,Minor The Next Web,Minor The Next Web,,,,"
"3242,Minor The Next Web,Minor The Next Web,Minor The Next Web,Minor The Next Web,,,,"
"771,Minor The Next Web,Minor The Next Web,Minor The Next Web,,,,,"
"1599,Minor The Next Web,Minor The Next Web,Minor The Next Web,,,,,"
"1162,Minor The Next Web,Minor The Next Web,Minor The Next Web,,,,,"
"1304,Minor The Next Web,Minor The Next Web,Minor The Next Web,,,,,"
"2519,Minor The Next Web,Minor The Next Web,Minor The Next Web,,,,,"
"2692,Minor The Next Web,Minor The Next Web,Minor The Next Web,,,,,"
"2970,Minor The Next Web,Minor The Next Web,Minor The Next Web,,,,,"
"3166,Minor The Next Web,Minor The Next Web,Minor The Next Web,,,,,"
"3106,Minor The Next Web,Minor The Next Web,Minor The Next Web,,,,,"
"3211,Minor The Next Web,Minor The Next Web,Minor The Next Web,,,,,"
"3183,Minor The Next Web,Minor The Next Web,Minor The Next Web,,,,,"
"3233,Minor The Next Web,Minor The Next Web,Minor The Next Web,,,,,"
"3313,Minor The Next Web,Minor The Next Web,Minor The Next Web,,,,,"
"3559,Minor The Next Web,Minor The Next Web,Minor The Next Web,,,,,"
"3410,Minor The Next Web,Minor The Next Web,Minor The Next Web,,,,,"
"3479,Minor The Next Web,Minor The Next Web,Minor The Next Web,,,,,"
"3424,Minor The Next Web,Minor The Next Web,Minor The Next Web,,,,,"
"3367,Minor The Next Web,Minor The Next Web,Minor The Next Web,,,,,"
"3553,Minor The Next Web,Minor The Next Web,Minor The Next Web,,,,,"
"1276,Minor The Next Web,Minor The Next Web,,,,,,"
"1539,Minor The Next Web,Minor The Next Web,,,,,,"
"1248,Minor The Next Web,Minor The Next Web,,,,,,"
"3352,Minor The Next Web,Minor The Next Web,,,,,,"
"3431,Minor The Next Web,Minor The Next Web,,,,,,"
"3194,Minor The Next Web,Minor The Next Web,,,,,,"
"3232,Minor The Next Web,Minor The Next Web,,,,,,"
"3471,Minor The Next Web,Minor The Next Web,,,,,,"
"3538,Minor The Next Web,Minor The Next Web,,,,,,"
"3423,Minor The Next Web,Minor The Next Web,,,,,,"
"3369,Minor The Next Web,Minor The Next Web,,,,,,"
"3595,Minor The Next Web,Minor The Next Web,,,,,,"
"3484,Minor The Next Web,Minor The Next Web,,,,,,"
"3520,Minor The Next Web,Minor The Next Web,,,,,,"
"3537,Minor The Next Web,Minor The Next Web,,,,,,"
"3501,Minor The Next Web,Minor Transmedia Storytelling,Minor 3D,,,,,"
"3547,Minor The Next Web,Minor Transmedia Storytelling,Minor Concepting,,,,,"
"3448,Minor The Next Web,,,,,,,"
"3477,Minor The Next Web,,,,,,,"
"3611,Minor The Next Web,,,,,,,"
"3546,Minor The Next Web,,,,,,,"
"3445,Minor The Next Web,,,,,,,"
"3621,Minor The Next Web,,,,,,,"
"3590,Minor The Next Web,,,,,,,"
"3645,Minor The Next Web,,,,,,,"
"3676,Minor The Next Web,,,,,,,"
"3668,Minor The Next Web,,,,,,,"
"3742,Minor The Next Web,,,,,,,"
"3763,Minor The Next Web,,,,,,,"
"3010,Minor Transmedia Storytelling,Minor 3D,,,,,,"
"3351,Minor Transmedia Storytelling,Minor Concepting,,,,,,"
"3358,Minor Transmedia Storytelling,Minor Concepting,,,,,,"
"3526,Minor Transmedia Storytelling,Minor Concepting,,,,,,"
"3391,Minor Transmedia Storytelling,Minor Multimediaal Reclamebureau,,,,,,"
"3516,Minor Transmedia Storytelling,Minor Multimediaal Reclamebureau,,,,,,"
"3490,Minor Transmedia Storytelling,Minor Multimediaal Reclamebureau,,,,,,"
"3428,Minor Transmedia Storytelling,Minor Multimediaal Reclamebureau,,,,,,"
"3372,Minor Transmedia Storytelling,Minor The Next Web,,,,,,"
"3406,Minor Transmedia Storytelling,Minor Transmedia Storytelling,,,,,,"
"3378,Minor Transmedia Storytelling,Minor Transmedia Storytelling,,,,,,"
"3502,Minor Transmedia Storytelling,Minor Transmedia Storytelling,,,,,,"
"3430,Minor Transmedia Storytelling,Minor Transmedia Storytelling,,,,,,"
"3466,Minor Transmedia Storytelling,Minor Transmedia Storytelling,,,,,,"
"1686,Minor Transmedia Storytelling,,,,,,,"
"3608,Minor Transmedia Storytelling,,,,,,,"
"3355,Minor Transmedia Storytelling,,,,,,,"
"3480,Minor Transmedia Storytelling,,,,,,,"
"3521,Minor Transmedia Storytelling,,,,,,,"
"3473,Minor Transmedia Storytelling,,,,,,,"
"3404,Minor Transmedia Storytelling,,,,,,,"
"3433,Minor Transmedia Storytelling,,,,,,,"
"3588,Minor Transmedia Storytelling,,,,,,,"
"3449,Minor Transmedia Storytelling,,,,,,,"
"3589,Minor Transmedia Storytelling,,,,,,,"
"3465,Minor Transmedia Storytelling,,,,,,,"
"3616,Minor Transmedia Storytelling,,,,,,,"
"3786,Minor Transmedia Storytelling,,,,,,,"
"3689,Minor Transmedia Storytelling,,,,,,,"
"3665,Minor Transmedia Storytelling,,,,,,,"
